[
    {
        "id": 1,
        "user_id": 6,
        "title": "jksgsfd",
        "description": "dsfds",
        "due_date": null,
        "priority": "High",
        "status": "Pending",
        "tags": [],
        "created_at": "2025-03-27T13:37:10.792678",
        "updated_at": "2025-03-27T13:37:10.792706"
    },
    {
        "id": 2,
        "user_id": 20,
        "title": "fuck mhmad ",
        "description": "",
        "due_date": null,
        "priority": "High",
        "status": "Pending",
        "tags": [],
        "created_at": "2025-03-27T15:33:44.011427",
        "updated_at": "2025-03-27T15:33:44.011451"
    },
    {
        "id": 3,
        "user_id": 18,
        "title": "learn sql",
        "description": "",
        "due_date": null,
        "priority": "Medium",
        "status": "Pending",
        "tags": [],
        "created_at": "2025-03-28T14:54:39.848698",
        "updated_at": "2025-03-28T14:54:39.848720"
    },
    {
        "id": 4,
        "user_id": 18,
        "title": "build python project ",
        "description": "",
        "due_date": null,
        "priority": "High",
        "status": "Pending",
        "tags": [],
        "created_at": "2025-03-28T14:54:59.543533",
        "updated_at": "2025-03-28T14:55:16.683283"
    },
    {
        "id": 5,
        "user_id": 18,
        "title": "kjchvcjkx<c",
        "description": "",
        "due_date": "2025-03-05",
        "priority": "Low",
        "status": "Pending",
        "tags": [],
        "created_at": "2025-03-28T14:57:15.082600",
        "updated_at": "2025-03-28T14:57:15.082627"
    },
    {
        "id": 7,
        "user_id": 24,
        "title": "big dick",
        "description": "20cn",
        "due_date": "2004-02-01",
        "priority": "High",
        "status": "Pending",
        "tags": [],
        "created_at": "2025-04-02T13:22:42.606884",
        "updated_at": "2025-04-02T13:22:42.606912"
    },
    {
        "id": 8,
        "user_id": 24,
        "title": "start python assignment ",
        "description": "",
        "due_date": "2025-04-10",
        "priority": "High",
        "status": "Pending",
        "tags": [],
        "created_at": "2025-04-02T13:27:20.289634",
        "updated_at": "2025-04-02T13:27:20.289658"
    },
    {
        "id": 10,
        "user_id": 26,
        "title": "learn java",
        "description": "",
        "due_date": "2025-04-15",
        "priority": "Medium",
        "status": "Pending",
        "tags": [],
        "created_at": "2025-04-02T17:51:19.483727",
        "updated_at": "2025-04-02T17:51:19.483750"
    },
    {
        "id": 11,
        "user_id": 26,
        "title": "kqmfhdsf",
        "description": "",
        "due_date": null,
        "priority": "Low",
        "status": "Pending",
        "tags": [],
        "created_at": "2025-04-02T17:51:33.447069",
        "updated_at": "2025-04-02T17:51:33.447081"
    },
    {
        "id": 12,
        "user_id": 26,
        "title": "klsd",
        "description": "",
        "due_date": null,
        "priority": "High",
        "status": "Pending",
        "tags": [],
        "created_at": "2025-04-02T17:51:43.452193",
        "updated_at": "2025-04-02T17:51:43.452201"
    },
    {
        "id": 11,
        "user_id": 5,
        "title": "yanis",
        "description": "zajk",
        "due_date": "2025-04-18",
        "priority": "Low",
        "status": "Pending",
        "tags": [],
        "created_at": "2025-04-02T18:38:03.319378",
        "updated_at": "2025-04-02T18:38:03.319409"
    },
    {
        "id": 12,
        "user_id": 5,
        "title": "jff",
        "description": "hj",
        "due_date": "2025-04-10",
        "priority": "Low",
        "status": "Pending",
        "tags": [],
        "created_at": "2025-04-02T18:40:49.821997",
        "updated_at": "2025-04-02T18:40:49.822021"
    },
    {
        "id": 13,
        "user_id": 28,
        "title": "night workout",
        "description": "1am",
        "due_date": "2025-04-05",
        "priority": "Medium",
        "status": "Pending",
        "tags": [],
        "created_at": "2025-04-04T17:00:54.951564",
        "updated_at": "2025-04-04T17:00:54.951590"
    }
]