[
    {
        "id": 1,
        "username": "yanis",
        "email": "yanis@example.com",
        "password": "03ac674216f3e15c761ee1a5e255f067953623c8b388b4459e13f978d7c846f4",
        "created_at": "2025-03-26T18:14:25.296969"
    },
    {
        "id": 2,
        "username": "kaced61",
        "email": "yaniskaced41@gmail.com",
        "password": "c6c7c158ef621714752134f205ac90bebf47b927d2275c6c86e3f6d43cbb298f",
        "created_at": "2025-03-27T11:20:30.775051"
    },
    {
        "id": 3,
        "username": "vcxwvcx",
        "email": "cxvcxv@gmail.com",
        "password": "314eb80047e9133e6f190f4ab76cda335ad393cb0081a7cf72b192531fe04d00",
        "created_at": "2025-03-27T11:39:26.730861"
    },
    {
        "id": 4,
        "username": "yanis101",
        "email": "yanis@gmail.com",
        "password": "6e3faa9e4c18329e17329b4b2cf718de2e5501db9ca0def866539d77e9cf448c",
        "created_at": "2025-03-27T12:35:24.088998"
    },
    {
        "id": 5,
        "username": "kenza",
        "email": "kenza@gmail.com",
        "password": "ce9e7885528de81ea6f1f6b71270f48aa32f39517d9a39c0d33ff0779ba2652c",
        "created_at": "2025-03-27T12:36:20.273857"
    },
    {
        "id": 6,
        "username": "sami",
        "email": "sami@gmail.com",
        "password": "24964a2764be8975c0958a4fa05e4040f9f76adb6f50bb8e290349ecc31f7a5f",
        "created_at": "2025-03-27T12:37:00.203102"
    },
    {
        "id": 7,
        "username": "kenz",
        "email": "ken@gmail.com",
        "password": "ce9e7885528de81ea6f1f6b71270f48aa32f39517d9a39c0d33ff0779ba2652c",
        "created_at": "2025-03-27T12:39:33.820542"
    },
    {
        "id": 8,
        "username": "aziz",
        "email": "aziz@gmail.com",
        "password": "5705a82920cee05ca634e8a82a2a11be30aa0d655c7b87a67d48b828e8e46144",
        "created_at": "2025-03-27T12:43:49.846282"
    },
    {
        "id": 9,
        "username": "celine",
        "email": "celine@gmail.com",
        "password": "c06f5d9112e70a0521967f3ab5651dc448b04275d19b356a2e8ece4e2449320c",
        "created_at": "2025-03-27T12:51:18.524188"
    },
    {
        "id": 10,
        "username": "kahina",
        "email": "kahina@gmail.com",
        "password": "de8272234bc7012bd57e0778cdb23d8fab76cc92cc4276f82d50dc8f8bf0783d",
        "created_at": "2025-03-27T12:55:13.308612"
    },
    {
        "id": 11,
        "username": "massi",
        "email": "massi@gmail.com",
        "password": "60cf1cb309b82ef3cb575c9fd33cf2afac583cfbb1d5e1ad9876d2e36b0936e2",
        "created_at": "2025-03-27T12:55:37.349398"
    },
    {
        "id": 12,
        "username": "ouali",
        "email": "ouali@gmail.com",
        "password": "5b46a43280a5d78c1128442b0966d5c9405768b549f23c342f3d77948ef90bec",
        "created_at": "2025-03-27T12:55:58.064033"
    },
    {
        "id": 13,
        "username": "zineb",
        "email": "zineb@gmail.com",
        "password": "5b2bfc3055cf7b71b446b803110f6b9aab29859c330a12791561a9838b42b9b9",
        "created_at": "2025-03-27T12:59:18.372127"
    },
    {
        "id": 14,
        "username": "amir",
        "email": "amir@gmail.com",
        "password": "1574ad62d48a37f847699d7d2157105a5a5fd6ed323a3497fa41c7731229bf23",
        "created_at": "2025-03-27T13:06:14.039089"
    },
    {
        "id": 15,
        "username": "ghani",
        "email": "ghani@gmail.com",
        "password": "5eeb3a2490a2c11be5dc6294b5ea7c29cf09e1a2f5768ce61245549843e9c412",
        "created_at": "2025-03-27T13:40:03.241303"
    },
    {
        "id": 16,
        "username": "aylin",
        "email": "aylin@gmail",
        "password": "009cb433e38eb6e0809575aa273687ad06dea5594809299d5c6f127cdaf44ff1",
        "created_at": "2025-03-27T13:57:33.976608"
    },
    {
        "id": 17,
        "username": "adem",
        "email": "adem@gmail",
        "password": "b2d4f30305fc2a29a070a7eec4505be7b5655f3fc870fc6baabdc4d33e973b6f",
        "created_at": "2025-03-27T14:00:34.442499"
    },
    {
        "id": 18,
        "username": "izan",
        "email": "izan@gmail.com",
        "password": "7e8a368c85866c37d144326ffce0c6c5c36087849aa080c2ca85fda0cd7a19c9",
        "created_at": "2025-03-27T14:08:31.616382"
    },
    {
        "id": 19,
        "username": "ikhan",
        "email": "ikhan@gmail.com",
        "password": "603e328b036c2fa01e9e1c6922d37bbc5cfbdabcab603205018ac00d51f7bc22",
        "created_at": "2025-03-27T14:11:35.648750"
    },
    {
        "id": 20,
        "username": "mohamed",
        "email": "mohamed@gmail.com",
        "password": "575e500ddb529cc2e5b14dd6e7feb389a8b6e0d7c2b162b6bf31831c64d23592",
        "created_at": "2025-03-27T15:32:42.250980"
    },
    {
        "id": 21,
        "username": "amar",
        "email": "amar@gmail.com",
        "password": "b6293aa585d182e6c8b4c2878b6cb562b479134ae7aab3e711a2ebf16682e48c",
        "created_at": "2025-03-27T15:44:48.136096"
    },
    {
        "id": 22,
        "username": "luke",
        "email": "luke@gmail.com",
        "password": "61e8b821af90605cc1bd6c1a851ba1086edd7d453eba8995e2280b279f9c050d",
        "created_at": "2025-03-28T16:02:16.272919"
    },
    {
        "id": 23,
        "username": "ali",
        "email": "mohamed513@gmail.com",
        "password": "c775e7b757ede630cd0aa1113bd102661ab38829ca52a6422ab782862f268646",
        "created_at": "2025-03-28T18:14:37.557720"
    },
    {
        "id": 24,
        "username": "pham trung luc",
        "email": "phamtrungluc2003@gmail.com",
        "password": "76fbbec8e6d35cbb4b5083f7c9f134fb30087f35d2227d50a4d8e9285a2aca65",
        "created_at": "2025-04-02T13:22:04.334076"
    },
    {
        "id": 25,
        "username": "avrid",
        "email": "avrid@gmail.com",
        "password": "8fd2fcba887810d7c5a471a0af947c6c4e5be96996ad2c51174896e7ef1b1b54",
        "created_at": "2025-04-02T17:35:10.917684"
    },
    {
        "id": 26,
        "username": "nassim",
        "email": "nassim@gmail.com",
        "password": "280ebd900fbd53e20a9626c406044fa047851af96e70d8341c2d861282bb9703",
        "created_at": "2025-04-02T17:36:12.457882"
    },
    {
        "id": 27,
        "username": "anes",
        "email": "anes@gmail.com",
        "password": "f5b74145fb02ef1f66f1b1ee39284dab3e308fded950b0d071f487bdd142d64d",
        "created_at": "2025-04-02T18:48:09.970763"
    },
    {
        "id": 28,
        "username": "eyup",
        "email": "eyupokdn@gmail.com",
        "password": "31082a1748e30ce5a0955a041f9148feb74e9fbb64131174566de4899c5edb07",
        "created_at": "2025-04-04T16:59:47.360453"
    },
    {
        "id": 29,
        "username": "user",
        "email": "user@gmail.com",
        "password": "f2d81a260dea8a100dd517984e53c56a7523d96942a834b9cdc249bd4e8c7aa9",
        "created_at": "2025-04-04T17:29:15.366615"
    },
    {
        "id": 30,
        "username": "zahra",
        "email": "zahra@gmail.com",
        "password": "6b4dd43fec5260e66eb817eab17ff90f0a3a016ad31a9f5a06dd10082d7c0ffd",
        "created_at": "2025-04-04T17:43:07.280376"
    },
    {
        "id": 31,
        "username": "sam",
        "email": "sam@gmail.com",
        "password": "e96e02d8e47f2a7c03be5117b3ed175c52aa30fb22028cf9c96f261563577605",
        "created_at": "2025-04-04T17:44:36.812060"
    }
]